ticker,short name,country,region,size,fy,net_income,avg_market_cap,dividend_amt,buyback_amt,payout_ratio_fy,dividend_yield_fy,buyback_yield_fy,total_yield_fy,bb_eps_rise_est,eps_fy,dps_fy,dividend_share_pct,buyback_share_pct,fy_status
ABN.AS,ABN AMRO,NL,Western Europe,Large (200-500bn),2021,1231000000.0,7197860156.954502,1212600001.29,0.0,0.9850528036474411,0.16846673523080297,0.0,0.16846673523080297,0.0,1.309574466691942,1.29,1.0,0.0,FY
ABN.AS,ABN AMRO,NL,Western Europe,Large (200-500bn),2022,1867000000.0,7623667460.226903,888546696.84,500000000.0,0.7437314926834495,0.11655108272699427,0.06558523212201055,0.18213631484900483,0.0701885654814205,2.080172045626126,0.99,0.639911281962731,0.36008871803726894,FY
ABN.AS,ABN AMRO,NL,Western Europe,Large (200-500bn),2023,2697000000.0,10024743735.752398,1307018822.29,500000000.0,0.6700106867964405,0.13037927519569686,0.04987658669186649,0.18025586188756335,0.05249485066177506,3.115846482504905,1.51,0.7233011666329188,0.2766988333670812,FY
ABN.AS,ABN AMRO,NL,Western Europe,Large (200-500bn),2024,2403000000.0,11406445209.013826,1124615564.1,500000000.0,0.6760780541406575,0.09859474564532024,0.043834866239034764,0.14242961188435502,0.045844451644681206,2.884585722940912,1.3499999999999999,0.6922348824861907,0.30776511751380925,FY
ABN.AS,ABN AMRO,NL,Western Europe,Large (200-500bn),2025,2239000000.0,18588084225.236855,449846225.64000005,0.0,0.20091390158106298,0.02420078477099046,0.0,0.02420078477099046,0.0,2.687718449298669,0.54,1.0,0.0,TTM
AIBG.L,AIB,IE,Western Europe,Medium (50-200bn),2021,745473399.9999999,5943131015.130294,122085022.82703356,0.0,0.16376844945377472,0.02054220620683339,0.0,0.02054220620683339,0.0,0.27463842950222983,0.044977109759999995,1.0,0.0,FY
AIBG.L,AIB,IE,Western Europe,Medium (50-200bn),2022,883737399.9999999,6482851567.08468,165668251.63709047,104850199.99999999,0.3061072798741917,0.025554842637187054,0.0161734691771064,0.04172831181429345,0.016439350505803585,0.3305633230607101,0.061968462335999994,0.612410172520653,0.3875898274793471,FY
AIBG.L,AIB,IE,Western Europe,Medium (50-200bn),2023,2374684200.0,10368634194.840622,695396528.4973764,247722999.99999997,0.39715576854277146,0.06706732202428378,0.023891574854021335,0.09095889687830512,0.024476353485473057,0.906799383541099,0.26554484312399995,0.7373365808735991,0.2626634191264009,FY
AIBG.L,AIB,IE,Western Europe,Medium (50-200bn),2024,2712278799.9999995,11122151195.33241,860711691.6256326,1730604399.9999998,0.9554018162239194,0.0773871597777635,0.15559979086835968,0.23298695064612318,0.1842725631586173,1.1648487656583337,0.369651877815,0.33215233541257216,0.6678476645874278,FY
AIBG.L,AIB,IE,Western Europe,Medium (50-200bn),2025,0.0,16134564961.479282,286903879.33079284,0.0,,0.01778194082181738,0.0,0.01778194082181738,0.0,,0.12321728492699999,1.0,0.0,TTM
ALPHA.AT,Alpha,GR,Southern Europe,Medium (50-200bn),2023,662000000.0,0.0,0.0,0.0,0.0,,,,0.0,0.2859458023440434,,,,FY
ALPHA.AT,Alpha,GR,Southern Europe,Medium (50-200bn),2024,668000000.0,0.0,0.0,0.0,0.0,,,,0.0,0.28853745614172355,,,,FY
ALPHA.AT,Alpha,GR,Southern Europe,Medium (50-200bn),2025,404000000.0,7935381894.149866,112262679.629676,0.0,0.27787791987543564,0.014147104843490703,0.0,0.014147104843490703,0.0,0.17450468904379687,0.048491,1.0,0.0,TTM
ARION.IC,Arion,IS,Northern Europe,Small (<50bn),2021,195956869.62240368,1207763172.714628,156012869.23877898,196244588.15147695,1.7976274986890404,0.129175050840569,0.16248598449180063,0.2916610353323696,0.19400986906852524,0.12906541108859765,0.10275661752616869,0.4428944397504601,0.5571055602495398,FY
ARION.IC,Arion,IS,Northern Europe,Small (<50bn),2022,177734696.11442977,1373345443.1527727,85280803.08064339,67483695.95001918,0.859508595509732,0.0620971245842308,0.04913818026373443,0.11123530484796523,0.05167751953418809,0.12135520305092573,0.058228749931495585,0.5582501407184008,0.44174985928159916,FY
ARION.IC,Arion,IS,Northern Europe,Small (<50bn),2023,176433112.29243162,1200051523.2050927,89173604.79119855,22325587.76785225,0.6319629638128519,0.0743081468310911,0.01860385769789714,0.09291200452898823,0.018956522138203313,0.12198454832841546,0.06165397051570121,0.7997690632958759,0.20023093670412415,FY
ARION.IC,Arion,IS,Northern Europe,Small (<50bn),2024,178871869.34838602,1294909735.563044,111297256.5079191,85301693.42905682,1.0991049104208954,0.08594981831650648,0.0658746251467223,0.1518244434632288,0.07052011102585576,0.12661173729855824,0.07878007343672933,0.5661131788526738,0.43388682114732624,FY
ARION.IC,Arion,IS,Northern Europe,Small (<50bn),2025,221495314.2982408,1641232015.1103063,108889457.00663123,40780676.275552146,0.6757259572572913,0.06634616922173117,0.024847599790948083,0.09119376901267925,0.025480734893972734,0.1567820957479332,0.07707574911208721,0.7275296321232938,0.27247036787670614,TTM
BG.VI,BAWAG,AT,Western Europe,Medium (50-200bn),2021,479900000.0,2940494265.0903335,686120901.9246,0.0,1.4297164032602625,0.23333522873016793,0.0,0.23333522873016793,0.0,5.400931249296396,7.7218,1.0,0.0,FY
BG.VI,BAWAG,AT,Western Europe,Medium (50-200bn),2022,318300000.0,2999761730.777407,303944492.0,325000000.0,1.97594876531574,0.10132287804112725,0.10834193818312836,0.20966481622425562,0.12150614997229692,3.874753552040022,3.7,0.4832612350789138,0.5167387649210863,FY
BG.VI,BAWAG,AT,Western Europe,Medium (50-200bn),2023,682500000.0,3036004255.662973,392538020.0,0.0,0.5751472820512821,0.1292942917546344,0.0,0.1292942917546344,0.0,8.693425416473033,5.0,1.0,0.0,FY
BG.VI,BAWAG,AT,Western Europe,Medium (50-200bn),2024,760000000.0,4501491804.521397,431882253.0,0.0,0.568266122368421,0.09594202805527893,0.0,0.09594202805527893,0.0,9.678563939509688,5.5,1.0,0.0,FY
BG.VI,BAWAG,AT,Western Europe,Medium (50-200bn),2025,0.0,8120586132.685344,0.0,0.0,,0.0,0.0,0.0,0.0,0.0,0.0,,,TTM
BBVA.MC,BBVA,ES,Southern Europe,Huge (>500bn),2021,4653000000.0,25515944162.686527,2027478486.1100001,1022000000.0,0.6553789998087256,0.07945927742994914,0.04005338754011427,0.11951266497006341,0.04172459907689707,0.7114403481378009,0.31,0.664860727939192,0.3351392720608079,FY
BBVA.MC,BBVA,ES,Southern Europe,Huge (>500bn),2022,6358000000.0,24118734645.81635,2590591394.5,2983000000.0,0.8766265169078327,0.10740992147983043,0.12367978850488465,0.2310897099847151,0.1411353828001649,1.055334317022877,0.43,0.46479750866853753,0.5352024913314625,FY
BBVA.MC,BBVA,ES,Southern Europe,Huge (>500bn),2023,8019000000.0,35611658035.253136,3210867209.0000005,2166000000.0,0.6705159258012221,0.09016337306792789,0.06082277881742564,0.15098615188535353,0.06476176960599611,1.373600872573488,0.55,0.5971631963730724,0.40283680362692775,FY
BBVA.MC,BBVA,ES,Southern Europe,Huge (>500bn),2024,10054000000.0,49873669373.07713,4029633026.3,1529000000.0,0.5528777627113587,0.08079680274087235,0.030657459521624585,0.11145426226249694,0.03162706498622758,1.7465113954711882,0.7000000000000001,0.7249323722638783,0.2750676277361217,FY
BBVA.MC,BBVA,ES,Southern Europe,Huge (>500bn),2025,10411000000.0,80861025380.32489,1842117954.88,103000000.0,0.18683296079915476,0.022781283643333868,0.001273790426420464,0.02405507406975433,0.00127541503788553,1.8085269681967913,0.32,0.9470469131491029,0.052953086850897106,TTM
BCP.LS,BCP,PT,Southern Europe,Medium (50-200bn),2021,138082000.0,1850282967.926126,13602299.5926,0.0,0.0985088541055315,0.007351469925622253,0.0,0.007351469925622253,0.0,0.009136234586952351,0.0009,1.0,0.0,FY
BCP.LS,BCP,PT,Southern Europe,Medium (50-200bn),2022,197386000.0,2118798760.0843017,0.0,0.0,0.0,0.0,0.0,0.0,0.0,0.013059820777099324,,,,FY
BCP.LS,BCP,PT,Southern Europe,Medium (50-200bn),2023,856050000.0,3260515697.5862617,256937829.18400002,0.0,0.3001434836563285,0.07880281925163231,0.0,0.07880281925163231,0.0,0.056639577154589865,0.017,1.0,0.0,FY
BCP.LS,BCP,PT,Southern Europe,Medium (50-200bn),2024,906378000.0,5117850865.707642,453419698.56,0.0,0.5002545279783931,0.08859572317711645,0.0,0.08859572317711645,0.0,0.059969472182959935,0.03,1.0,0.0,FY
BCP.LS,BCP,PT,Southern Europe,Medium (50-200bn),2025,1211648000.0,9902174114.52269,444138812.66999996,72449000.0,0.4263513930365915,0.04485265634933835,0.00731647405530318,0.05216913040464153,0.007370399391226412,0.0801673154374213,0.029385940713241514,0.8597547247087671,0.1402452752912329,TTM
BNP.PA,BNP Paribas,FR,Western Europe,Huge (>500bn),2021,9488000000.0,47878502355.038635,6437991192.12,0.0,0.6785403870278246,0.13446517487910686,0.0,0.13446517487910686,0.0,7.692983497806072,5.22,1.0,0.0,FY
BNP.PA,BNP Paribas,FR,Western Europe,Huge (>500bn),2022,9848000000.0,48978255543.811295,4810455019.5,0.0,0.48847024974614134,0.09821613624431813,0.0,0.09821613624431813,0.0,7.984109578888039,3.9,1.0,0.0,FY
BNP.PA,BNP Paribas,FR,Western Europe,Huge (>500bn),2023,10975000000.0,55801462096.76837,5278396081.4,0.0,0.48094725115261955,0.09459243329944372,0.0,0.09459243329944372,0.0,9.56445844939506,4.6,1.0,0.0,FY
BNP.PA,BNP Paribas,FR,Western Europe,Huge (>500bn),2024,11688000000.0,62076186786.54432,5410565925.67,0.0,0.46291631807580425,0.08716008836488001,0.0,0.08716008836488001,0.0,10.347442535425204,4.79,1.0,0.0,FY
BNP.PA,BNP Paribas,FR,Western Europe,Huge (>500bn),2025,11399000000.0,79991896488.99197,2925546085.0699997,0.0,0.25664936266953237,0.03657303068783469,0.0,0.03657303068783469,0.0,10.091589447408616,2.59,1.0,0.0,TTM
4BE.F,BPER,IT,Southern Europe,Medium (50-200bn),2021,525123000.0,2056951874.2814682,84665231.03999999,3062000.0,0.16706034784231502,0.04116053083136675,0.0014886104231629697,0.04264914125452972,0.0014908296877753635,0.3721407195489063,0.05999999999999999,0.9650963564710727,0.03490364352892723,FY
4BE.F,BPER,IT,Southern Europe,Medium (50-200bn),2022,1448975000.0,1959107180.4721482,169696321.68,0.0,0.11711473398781898,0.08661921275746787,0.0,0.08661921275746787,0.0,1.0246362341776836,0.12000000000000001,1.0,0.0,FY
4BE.F,BPER,IT,Southern Europe,Medium (50-200bn),2023,1519496000.0,3271068643.1850195,424551636.3,0.0,0.27940293116928244,0.12978988905797362,0.0,0.12978988905797362,0.0,1.0737181558708786,0.3,1.0,0.0,FY
4BE.F,BPER,IT,Southern Europe,Medium (50-200bn),2024,1402649000.0,6020510427.146222,849307095.0,0.0,0.6055022282837688,0.14106895175706546,0.0,0.14106895175706546,0.0,0.9909129512217251,0.6,1.0,0.0,FY
4BE.F,BPER,IT,Southern Europe,Medium (50-200bn),2025,1744175000.0,11297414890.62315,141551182.5,0.0,0.08115652529132684,0.012529519706095544,0.0,0.012529519706095544,0.0,1.2321868098841209,0.1,1.0,0.0,TTM
BAMI.MI,BPM,IT,Southern Europe,Medium (50-200bn),2021,569068000.0,2688074378.0313306,287206396.85,0.0,0.504696094052029,0.10684466144137791,0.0,0.10684466144137791,0.0,0.3764641776292665,0.19,1.0,0.0,FY
BAMI.MI,BPM,IT,Southern Europe,Medium (50-200bn),2022,685047000.0,3145368901.520738,347075208.58000004,16016000.0,0.5300237919150074,0.11034483376884487,0.005091930549785911,0.11543676431863079,0.0051179910045355825,0.45396734225021035,0.23000000000000004,0.955889871135585,0.04411012886441504,FY
BAMI.MI,BPM,IT,Southern Europe,Medium (50-200bn),2023,1264453000.0,4935194283.533962,844605127.5200001,0.0,0.6679608712383933,0.17113918500391856,0.0,0.17113918500391856,0.0,0.8383724617907112,0.56,1.0,0.0,FY
BAMI.MI,BPM,IT,Southern Europe,Medium (50-200bn),2024,1920393000.0,7720101097.956937,1501382319.0,0.0,0.7818099310922295,0.19447702820852034,0.0,0.19447702820852034,0.0,1.2790832659326128,1.0,1.0,0.0,FY
BAMI.MI,BPM,IT,Southern Europe,Medium (50-200bn),2025,1884295040.0,15232464190.449434,690635866.74,0.0,0.3665221486439831,0.04533973348665544,0.0,0.04533973348665544,0.0,1.25504011613447,0.46,1.0,0.0,TTM
TLV.RO,Banca Transilvania,RO,CEE,Small (<50bn),2021,389320521.7544927,2606243479.436136,280282972.0800761,12103212.382345146,0.7510166254395428,0.10754289623804285,0.004643930038709849,0.1121868262767527,0.004665596743575806,0.3250991729885375,0.23404818737878563,0.9586053889495565,0.041394611050443474,FY
TLV.RO,Banca Transilvania,RO,CEE,Small (<50bn),2022,471969142.2850805,2389107259.0459366,0.0,29502684.346383736,0.06250977384568802,0.0,0.012348832073016807,0.012348832073016807,0.012503232390173036,0.4335413772805757,,0.0,1.0,FY
TLV.RO,Banca Transilvania,RO,CEE,Small (<50bn),2023,567239785.2522893,2635481872.7392197,372891082.83662695,6346050.035824001,0.6685658212492605,0.14148876783927872,0.00240792778788046,0.14389669562715918,0.0024137398992565284,0.5210362468515634,0.3425178828018876,0.9832662746188455,0.01673372538115452,FY
TLV.RO,Banca Transilvania,RO,CEE,Small (<50bn),2024,894095223.1393602,4291365876.639164,311558244.33750737,25606210.80216318,0.37710128229498174,0.07260118416691798,0.005966913923968887,0.07856809809088687,0.006002731707375419,0.8211081685818594,0.28612502650031013,0.9240542399656103,0.07594576003438973,FY
TLV.RO,Banca Transilvania,RO,CEE,Small (<50bn),2025,783362156.1141263,5386100869.494118,137233019.0806587,30942514.746729217,0.21468427152726383,0.025479103047980633,0.0057448821506448046,0.031223985198625438,0.005778076519305619,0.7194144971323141,0.12603037131841988,0.8160106048571368,0.1839893951428631,TTM
BIRG.IR,Bank of Ireland ,IE,Western Europe,Medium (50-200bn),2021,1048000000.0,4210281563.7592225,53779351.0,0.0,0.05131617461832061,0.0127733383588679,0.0,0.0127733383588679,0.0,0.9743516614769114,0.05,1.0,0.0,FY
BIRG.IR,Bank of Ireland ,IE,Western Europe,Medium (50-200bn),2022,850000000.0,5843491454.541954,224501876.76,50000000.0,0.3229433844235294,0.03841913323677441,0.008556528299726808,0.04697566153650121,0.008630374342021518,0.7950935759473514,0.21,0.8178518828717679,0.18214811712823206,FY
BIRG.IR,Bank of Ireland ,IE,Western Europe,Medium (50-200bn),2023,1595000000.0,8356637271.722737,633503142.0,229000000.0,0.5407543210031348,0.07580838097923115,0.027403367234197448,0.10321174821342859,0.028175469985197932,1.5106475983350371,0.6,0.734493720835628,0.265506279164372,FY
BIRG.IR,Bank of Ireland ,IE,Western Europe,Medium (50-200bn),2024,1531000000.0,8558753945.663887,631677119.22,520000000.0,0.7522384841410843,0.07380479953393519,0.060756507699750745,0.13456130723368592,0.0646866421730059,1.5269351550852586,0.63,0.5484845610615395,0.45151543893846047,FY
BIRG.IR,Bank of Ireland ,IE,Western Europe,Medium (50-200bn),2025,0.0,12173267244.531824,250665523.5,0.0,,0.020591474619321926,0.0,0.020591474619321926,0.0,,0.25,1.0,0.0,TTM
BKT.MC,Bankinter,ES,Southern Europe,Medium (50-200bn),2021,1333108000.0,3046193230.9739413,285288079.790845,48836000.0,0.25063541722864535,0.0936539668232509,0.016031812920937374,0.10968577974418828,0.016293019562480193,1.4834752217697853,0.317467,0.853838729520571,0.14616127047942898,FY
BKT.MC,Bankinter,ES,Southern Europe,Medium (50-200bn),2022,560203000.0,3945674128.6796274,296159924.38147,84469000.0,0.6794482078487084,0.07505939789320017,0.021408002091715197,0.09646739998491537,0.021876330623461282,0.6233716464189882,0.32955500000000004,0.7780804489904074,0.2219195510095926,FY
BKT.MC,Bankinter,ES,Southern Europe,Medium (50-200bn),2023,844787000.0,4530025348.645677,440116132.239805,79119000.0,0.6146343779435586,0.09715533542685026,0.017465465181923073,0.11462080060877333,0.01777593006963052,0.9400670115849497,0.489755,0.8476239470570734,0.15237605294292655,FY
BKT.MC,Bankinter,ES,Southern Europe,Medium (50-200bn),2024,952971000.0,5927822200.060676,511158529.50772,78684000.0,0.6189511847765776,0.08623040844620608,0.01327367747284907,0.09950408591905514,0.013452238143250472,1.0604153971802472,0.56879,0.8666016842399118,0.13339831576008823,FY
BKT.MC,Bankinter,ES,Southern Europe,Medium (50-200bn),2025,1021181000.0,10025477887.447447,270690519.65228,0.0,0.2650759460392232,0.02700026100413649,0.0,0.02700026100413649,0.0,1.1363158540059688,0.30121,1.0,0.0,TTM
BOCHGR.AT,BoC,CY,Southern Europe,Small (<50bn),2021,29709000.0,0.0,0.0,0.0,0.0,,,,0.0,0.0666034561927632,,,,FY
BOCHGR.AT,BoC,CY,Southern Europe,Small (<50bn),2022,56565000.0,0.0,0.0,0.0,0.0,,,,0.0,0.12681088220888115,,,,FY
BOCHGR.AT,BoC,CY,Southern Europe,Small (<50bn),2023,487207000.0,0.0,0.0,226820000.0,0.46555160332261236,,,,0.0,1.092250499219347,,0.0,1.0,FY
BOCHGR.AT,BoC,CY,Southern Europe,Small (<50bn),2024,508188000.0,1772719432.2936413,211372916.64,25090000.0,0.4653059825104095,0.11923653161883274,0.014153395931096206,0.13338992754992895,0.014356590439811523,1.1540278853011714,0.48,0.8938945676704226,0.10610543232957731,FY
BOCHGR.AT,BoC,CY,Southern Europe,Small (<50bn),2025,460590000.0,2796994079.947381,88072048.60000001,0.0,0.1912157202718253,0.031488106904272346,0.0,0.031488106904272346,0.0,1.0459391085402776,0.2,1.0,0.0,TTM
CBK.DE,COMMERZBANK,DE,Western Europe,Huge (>500bn),2021,430000000.0,6799546451.12307,0.0,0.0,0.0,0.0,0.0,0.0,0.0,0.34335240056515676,,,,FY
CBK.DE,COMMERZBANK,DE,Western Europe,Huge (>500bn),2022,1435000000.0,8601587253.932377,250471526.8,0.0,0.1745446179790941,0.02911922176752811,0.0,0.02911922176752811,0.0,1.1458388251418603,0.2,1.0,0.0,FY
CBK.DE,COMMERZBANK,DE,Western Europe,Huge (>500bn),2023,2224000000.0,11978782704.426933,434078165.15,122000000.0,0.25003514620053957,0.03623725180268777,0.010184674270359136,0.046421926073046904,0.01028946916219109,1.7932254199678903,0.35,0.7806063829765894,0.21939361702341068,FY
CBK.DE,COMMERZBANK,DE,Western Europe,Huge (>500bn),2024,2677000000.0,15457025530.166254,749834112.3000001,1072000000.0,0.6805506583115428,0.04851089304579385,0.06935357633380772,0.11786446937960157,0.07452193934254425,2.320579940892081,0.65,0.41158199159711717,0.5884180084028828,FY
CBK.DE,COMMERZBANK,DE,Western Europe,Huge (>500bn),2025,0.0,31259317026.525192,0.0,0.0,,0.0,0.0,0.0,0.0,0.0,0.0,,,TTM
CE.MI,CREDITO EMILIANO,IT,Southern Europe,Medium (50-200bn),2021,352427000.0,1447799846.0754075,102140142.3,0.0,0.2898192882497652,0.07054852407732616,0.0,0.07054852407732616,0.0,1.035127792258813,0.3,1.0,0.0,FY
CE.MI,CREDITO EMILIANO,IT,Southern Europe,Medium (50-200bn),2022,326119000.0,1653912931.7243721,112036031.91000001,6047000.0,0.3620857169008859,0.06773998180979882,0.0036561779547218294,0.07139615976452066,0.003669594645768548,0.9605773086148923,0.33,0.9487902715386841,0.05120972846131589,FY
CE.MI,CREDITO EMILIANO,IT,Southern Europe,Medium (50-200bn),2023,562118000.0,2164663647.332746,153052270.20000002,0.0,0.2722778317008173,0.07070487389049467,0.0,0.07070487389049467,0.0,1.652723606578689,0.45000000000000007,1.0,0.0,FY
CE.MI,CREDITO EMILIANO,IT,Southern Europe,Medium (50-200bn),2024,620052000.0,2951026580.7234287,391720463.5,0.0,0.6317542133562991,0.13274040500305212,0.0,0.13274040500305212,0.0,1.8203281841057048,1.15,1.0,0.0,FY
CE.MI,CREDITO EMILIANO,IT,Southern Europe,Medium (50-200bn),2025,0.0,,0.0,0.0,,0.0,0.0,0.0,0.0,0.0,0.0,,,TTM
CABK.MC,CaixaBank,ES,Southern Europe,Huge (>500bn),2021,5226000000.0,15329269661.844843,1178216592.7686002,15000000.0,0.22832311380952933,0.07686058232123268,0.0009785201989978422,0.07783910252023052,0.0009794786386301269,0.6489161710101287,0.14630000000000004,0.9874289378048324,0.012571062195167564,FY
CABK.MC,CaixaBank,ES,Southern Europe,Huge (>500bn),2022,3129000000.0,18460667097.652344,1728221402.0958,1818000000.0,1.1333401732488975,0.09361641120301546,0.09847964812881525,0.19209605933183072,0.10923729888561273,0.4175086589744725,0.2306,0.487341653590616,0.512658346409384,FY
CABK.MC,CaixaBank,ES,Southern Europe,Huge (>500bn),2023,4816000000.0,22905907459.818672,2887176660.9807,513000000.0,0.7060167485425042,0.12604506789549194,0.022395969288704225,0.14844103718419618,0.022909039432262857,0.6537148992326994,0.3919,0.849125486364571,0.15087451363542898,FY
CABK.MC,CaixaBank,ES,Southern Europe,Huge (>500bn),2024,5787000000.0,31800611409.691517,3097673193.3184,1292000000.0,0.7585403824638672,0.0974092338480749,0.04062814967155794,0.13803738351963282,0.04234869895093207,0.813030375648517,0.4352,0.7056728500958622,0.29432714990413783,FY
CABK.MC,CaixaBank,ES,Southern Europe,Huge (>500bn),2025,6064000000.0,54346539323.54396,1195081179.1318,0.0,0.19707803085946568,0.02199001434142961,0.0,0.02199001434142961,0.0,0.8519468114623479,0.1679,1.0,0.0,TTM
ACA.PA,Crédit Agricole,FR,Western Europe,Huge (>500bn),2021,5844000000.0,25986386074.359238,3176409967.5,0.0,0.5435335331108829,0.12223361718750739,0.0,0.12223361718750739,0.0,1.931803533795579,1.05,1.0,0.0,FY
ACA.PA,Crédit Agricole,FR,Western Europe,Huge (>500bn),2022,5306000000.0,23493609470.487984,3174744442.8,0.0,0.5983310295514512,0.1351322557220518,0.0,0.1351322557220518,0.0,1.754881408686342,1.05,1.0,0.0,FY
ACA.PA,Crédit Agricole,FR,Western Europe,Huge (>500bn),2023,6348000000.0,28837180953.100983,3180637750.5,0.0,0.5010456443761815,0.11029641751989536,0.0,0.11029641751989536,0.0,2.0956174587792,1.05,1.0,0.0,FY
ACA.PA,Crédit Agricole,FR,Western Europe,Huge (>500bn),2024,7087000000.0,37585369184.46748,3327262111.8,0.0,0.4694880925356286,0.08852546041173445,0.0,0.08852546041173445,0.0,2.342977420490218,1.1,1.0,0.0,FY
ACA.PA,Crédit Agricole,FR,Western Europe,Huge (>500bn),2025,0.0,47935539817.56786,0.0,0.0,,0.0,0.0,0.0,0.0,0.0,0.0,,,TTM
DBK.DE,DEUTSCHE BANK,DE,Western Europe,Huge (>500bn),2021,2365000000.0,19943761850.683437,413218836.6,850000000.0,0.5341305863002114,0.02071920230966054,0.04261984305487843,0.06333904536453897,0.04451715731279937,1.1446719222479897,0.2,0.32711579706347144,0.6728842029365287,FY
DBK.DE,DEUTSCHE BANK,DE,Western Europe,Huge (>500bn),2022,5525000000.0,18872571009.55423,625032453.9,695000000.0,0.23891990115837106,0.033118564162963146,0.03682593111707762,0.06994449528004076,0.03823393123507568,2.6518622987618277,0.3,0.47349779321967317,0.5265022067803268,FY
DBK.DE,DEUTSCHE BANK,DE,Western Europe,Huge (>500bn),2023,4772000000.0,19832602947.48458,917256532.5,1082000000.0,0.41895568577116515,0.046249931737595645,0.05455663096090132,0.10080656269849696,0.05770481104156455,2.341111699850445,0.45,0.4587988172548337,0.5412011827451663,FY
DBK.DE,DEUTSCHE BANK,DE,Western Europe,Huge (>500bn),2024,3366000000.0,27950493148.030605,1348865513.4,1132000000.0,0.7370366944147356,0.04825909533174163,0.04050017987177306,0.08875927520351469,0.04220967948317145,1.6968926681434422,0.68,0.543707631918908,0.45629236808109197,FY
DBK.DE,DEUTSCHE BANK,DE,Western Europe,Huge (>500bn),2025,0.0,50217091014.61307,0.0,0.0,,0.0,0.0,0.0,0.0,0.0,0.0,,,TTM
DNB.OL,DNB,NO,Northern Europe,Large (200-500bn),2021,2194592580.7192273,18561557531.18503,2513372859.110469,0.0,1.145257156700479,0.13540743307170122,0.0,0.13540743307170122,0.0,1.4155328459551315,1.621149122374711,1.0,0.0,FY
DNB.OL,DNB,NO,Northern Europe,Large (200-500bn),2022,2890079755.318826,20196076466.282795,1675581928.769734,1299652.1264474876,0.5802198288161747,0.08296571522528676,6.435171349332369e-05,0.08303006693878007,6.435585490272011e-05,1.864128586605171,1.0807660815831408,0.9992249589110801,0.0007750410889198928,FY
DNB.OL,DNB,NO,Northern Europe,Large (200-500bn),2023,3420511109.8595943,22231868861.009895,2098364900.1761217,599226273.7673882,0.7886514872492962,0.09438544790340232,0.026953481846877358,0.12133892975027968,0.027700095878289588,2.2550265960879683,1.3833805844264202,0.777866164615522,0.22213383538447792,FY
DNB.OL,DNB,NO,Northern Europe,Large (200-500bn),2024,3965758498.6418633,25288707845.31278,2147255942.0303013,615255316.6602405,0.6965908941849605,0.08490967411877044,0.02432925084285305,0.10923892496162349,0.02493592317272042,2.674723880609994,1.4482265493214086,0.7772840509790799,0.2227159490209201,FY
DNB.OL,DNB,NO,Northern Europe,Large (200-500bn),2025,0.0,,0.0,0.0,,0.0,0.0,0.0,0.0,0.0,0.0,,,TTM
DANSKE.CO,Danske,DK,Northern Europe,Large (200-500bn),2021,1729955546.0339565,10243734901.06419,228502080.0364167,0.0,0.13208552124953363,0.022306520252947812,0.0,0.022306520252947812,0.0,2.0272462570707805,0.2677698785663601,1.0,0.0,FY
DANSKE.CO,Danske,DK,Northern Europe,Large (200-500bn),2022,-613250495.4207059,10334492854.248592,797502698.3170664,0.0,-1.3004517799369386,0.07716902121512491,0.0,0.07716902121512491,0.0,-0.7206684549485616,0.9371945749822603,1.0,0.0,FY
DANSKE.CO,Danske,DK,Northern Europe,Large (200-500bn),2023,2846928391.6233735,14951065888.277056,1726661256.37627,0.0,0.6064997143787288,0.11548750231447535,0.0,0.11548750231447535,0.0,3.3112531492366593,2.0082740892477005,1.0,0.0,FY
DANSKE.CO,Danske,DK,Northern Europe,Large (200-500bn),2024,3163863745.9161267,19974195397.21746,2366674603.7407455,702426222.4840662,0.9700483562815769,0.11848660517611834,0.03516668424010305,0.1536532894162214,0.036448455568106164,3.7944322987525965,2.838360712803417,0.771129636249815,0.2288703637501851,FY
DANSKE.CO,Danske,DK,Northern Europe,Large (200-500bn),2025,3042954314.1770663,28176307714.407673,1602324237.257501,465695463.5531038,0.6796091847898406,0.05686778599589784,0.016527909485989006,0.07339569548188685,0.016805672113532788,3.6494252156862967,1.9216727796106414,0.7748109153067718,0.22518908469322826,TTM
PBBD.XC,Deutsche Pfandbriefbank,DE,Western Europe,Small (<50bn),2021,229000000.0,851060920.0948062,201712962.0,0.0,0.8808426288209606,0.2370135406728929,0.0,0.2370135406728929,0.0,1.7029148577967934,1.5,1.0,0.0,FY
PBBD.XC,Deutsche Pfandbriefbank,DE,Western Europe,Small (<50bn),2022,188000000.0,943266462.8267524,255503085.2,0.0,1.3590589638297872,0.27087052839164455,0.0,0.27087052839164455,0.0,1.398026171466363,1.9,1.0,0.0,FY
PBBD.XC,Deutsche Pfandbriefbank,DE,Western Europe,Small (<50bn),2023,91000000.0,859382917.5636904,0.0,0.0,0.0,0.0,0.0,0.0,0.0,0.6767041574651014,,,,FY
PBBD.XC,Deutsche Pfandbriefbank,DE,Western Europe,Small (<50bn),2024,90000000.0,756506296.6581534,20171296.2,0.0,0.22412551333333333,0.02666375189354823,0.0,0.02666375189354823,0.0,0.6692678480424079,0.15,1.0,0.0,FY
PBBD.XC,Deutsche Pfandbriefbank,DE,Western Europe,Small (<50bn),2025,0.0,709067010.5630178,0.0,0.0,,0.0,0.0,0.0,0.0,0.0,0.0,,,TTM
EBS.VI,Erste,AT,Western Europe,Large (200-500bn),2021,1923400000.0,10567452375.41383,1054130246.0,496800000.0,0.8063482614120828,0.0997525428600495,0.04701227716491553,0.14676482002496505,0.04933146150619505,4.744043745045904,2.6,0.6796761161365603,0.32032388386343974,FY
EBS.VI,Erste,AT,Western Europe,Large (200-500bn),2022,2165000000.0,9937201902.1773,773634092.1999999,2000000.0,0.35826055066974594,0.07785230689843306,0.00020126389900176913,0.07805357079743483,0.00020130441431298607,5.317113143634029,1.9,0.9974214645538243,0.002578535446175686,FY
EBS.VI,Erste,AT,Western Europe,Large (200-500bn),2023,2998000000.0,11947482850.878044,1099374762.6000001,107000000.0,0.40239318298865917,0.09201727061020262,0.008955861358874967,0.10097313196907759,0.009036793629751738,7.362912334695066,2.7,0.9113045105739848,0.08869548942601528,FY
EBS.VI,Erste,AT,Western Europe,Large (200-500bn),2024,3125000000.0,16651770183.4227,1164378672.0,0.0,0.37260117504,0.06992521871093148,0.0,0.06992521871093148,0.0,8.05150439924925,3.0,1.0,0.0,FY
EBS.VI,Erste,AT,Western Europe,Large (200-500bn),2025,0.0,29507017083.676838,0.0,0.0,,0.0,0.0,0.0,0.0,0.0,0.0,,,TTM
EUROB.AT,Eurobank,GR,Southern Europe,Medium (50-200bn),2021,328000000.0,2678811841.3980966,0.0,0.0,0.0,0.0,0.0,0.0,0.0,0.08844838925602833,,,,FY
EUROB.AT,Eurobank,GR,Southern Europe,Medium (50-200bn),2022,1347000000.0,3246586332.338683,0.0,0.0,0.0,0.0,0.0,0.0,0.0,0.36303192569701226,,,,FY
EUROB.AT,Eurobank,GR,Southern Europe,Medium (50-200bn),2023,1140000000.0,4812725805.745001,341592703.37154,0.0,0.29964272225573685,0.07097697171190955,0.0,0.07097697171190955,0.0,0.3114709387813711,0.09333,1.0,0.0,FY
EUROB.AT,Eurobank,GR,Southern Europe,Medium (50-200bn),2024,1448000000.0,6731696955.939749,385856287.74,0.0,0.2664753368370166,0.057319319373035305,0.0,0.057319319373035305,0.0,0.3940327132946671,0.105,1.0,0.0,FY
EUROB.AT,Eurobank,GR,Southern Europe,Medium (50-200bn),2025,1418000000.0,10431562050.502176,172018407.89628,65000000.0,0.16714979400301833,0.016490186902353612,0.006231089810453737,0.02272127671280735,0.006270159738912762,0.3858690521076229,0.04681,0.7257596969917872,0.2742403030082128,TTM
FBK.MI,FINECOBANK,IT,Southern Europe,Small (<50bn),2021,380711000.0,7630338323.4646225,560994751.6800001,136000.0,1.473902124393569,0.07352160912116351,1.782358713790924e-05,0.07353943270830142,1.7823904823854875e-05,0.6243447357592934,0.9200000000000002,0.9997576322459732,0.00024236775402670797,FY
FBK.MI,FINECOBANK,IT,Southern Europe,Small (<50bn),2022,428505000.0,7130515814.061212,298891856.69,201000.0,0.6979915209624158,0.04191728403443019,2.818870404910016e-05,0.04194547273847929,2.8189498674446867e-05,0.7024863518371822,0.49,0.9993279679019271,0.000672032098072907,FY
FBK.MI,FINECOBANK,IT,Southern Europe,Small (<50bn),2023,609101000.0,7391900874.589503,421272721.43999994,0.0,0.6916303231155423,0.05699112157850664,0.0,0.05699112157850664,0.0,0.997642782479232,0.69,1.0,0.0,FY
FBK.MI,FINECOBANK,IT,Southern Europe,Small (<50bn),2024,652285000.0,8439812933.234995,452079487.98,0.0,0.6930704952283128,0.0535651076103552,0.0,0.0535651076103552,0.0,1.0677124550746135,0.74,1.0,0.0,FY
FBK.MI,FINECOBANK,IT,Southern Europe,Small (<50bn),2025,0.0,11528373626.38166,0.0,0.0,,0.0,0.0,0.0,0.0,0.0,0.0,,,TTM
INGA.AS,ING,NL,Western Europe,Huge (>500bn),2021,4776000000.0,30130593972.25509,4236407549.0879993,1608000000.0,1.2237034231758792,0.1406015279018056,0.05336768340779082,0.1939692113095964,0.05637635909146832,1.2649094634801124,1.1219999999999999,0.7248651832552432,0.2751348167447568,FY
INGA.AS,ING,NL,Western Europe,Huge (>500bn),2022,3674000000.0,28884395130.873096,2319871862.9519997,1717000000.0,1.098767518495373,0.08031575016339546,0.059443862065326196,0.13975961222872166,0.06320075928254143,1.015156930694981,0.6409999999999999,0.5746706711804254,0.42532932881957464,FY
INGA.AS,ING,NL,Western Europe,Huge (>500bn),2023,7287000000.0,34963178525.55032,3698047025.8339996,3531000000.0,0.9920470736700974,0.10576976069642947,0.10099196208432888,0.20676172278075836,0.1123371069278496,2.1793725022148425,1.1059999999999999,0.5115538759975577,0.48844612400244225,FY
INGA.AS,ING,NL,Western Europe,Huge (>500bn),2024,6392000000.0,42221239792.95379,3780551204.7929997,3817000000.0,1.1886031296609825,0.08954145409590572,0.090404735121895,0.1799461892178007,0.09939006788256544,2.064416424278357,1.2209999999999999,0.4976012800556049,0.5023987199443951,FY
INGA.AS,ING,NL,Western Europe,Huge (>500bn),2025,6071000000.0,58382721644.90061,1616255306.2259998,0.0,0.2662255487112502,0.027683795148443036,0.0,0.027683795148443036,0.0,1.960743446776268,0.5219999999999999,1.0,0.0,TTM
ISP.MI,Intesa,IT,Southern Europe,Huge (>500bn),2021,4185000000.0,30574659000.161396,4861598282.1168,1538000000.0,1.5291752167543131,0.15900744083821627,0.050303095775880324,0.2093105366140966,0.05296752632565105,0.21572350061456672,0.2506,0.7596724150173885,0.24032758498261153,FY
ISP.MI,Intesa,IT,Southern Europe,Huge (>500bn),2022,4379000000.0,28593652702.24884,3108348900.4435997,1118000000.0,0.965140191925919,0.10870765385630964,0.039099586598534554,0.1478072404548442,0.0406905711072878,0.23090010902494656,0.1639,0.7354690712159012,0.2645309287840988,FY
ISP.MI,Intesa,IT,Southern Europe,Huge (>500bn),2023,7724000000.0,35838183296.406425,5404025423.216,1709000000.0,0.9208992003127913,0.1507896027686725,0.047686568983293445,0.19847617175196597,0.05007444758222346,0.4230742494618749,0.296,0.7597365539532526,0.2402634460467474,FY
ISP.MI,Intesa,IT,Southern Europe,Huge (>500bn),2024,8666000000.0,54799397532.338936,6062312132.063001,1736000000.0,0.8998744671201248,0.11062735002671206,0.031679180395651776,0.14230653042236385,0.032715583259477654,0.4874552704686256,0.341,0.7773877256256027,0.22261227437439732,FY
ISP.MI,Intesa,IT,Southern Europe,Huge (>500bn),2025,9086999552.0,85555246888.98071,3306715708.398,0.0,0.36389522080148107,0.038650063305747946,0.0,0.038650063305747946,0.0,0.5111361440535933,0.186,1.0,0.0,TTM
JYSK.CO,Jyske,DK,Northern Europe,Medium (50-200bn),2021,425258422.1520005,2565532748.717492,0.0,400487386.8566226,0.9417506297229218,0.0,0.15610301098546722,0.15610301098546722,0.1849787509821046,6.268549854834913,,0.0,1.0,FY
JYSK.CO,Jyske,DK,Northern Europe,Medium (50-200bn),2022,502383375.28787965,3148690138.4604216,0.0,444004070.48363775,0.8837953091684435,0.0,0.14101231018582772,0.14101231018582772,0.16416103729767473,7.8185880521030215,,0.0,1.0,FY
JYSK.CO,Jyske,DK,Northern Europe,Medium (50-200bn),2023,790530769.6427616,4072666669.5793185,66928561.67409729,236061271.49054685,0.38327392784668496,0.016433596732582732,0.05796233540392603,0.07439593213650876,0.06152868147663626,12.303214891567242,1.0416248276231408,0.22089375400833478,0.7791062459916653,FY
JYSK.CO,Jyske,DK,Northern Europe,Medium (50-200bn),2024,711263456.6975524,4227132146.2194304,197614170.38197374,428739756.84216166,0.8806215493374873,0.04674899282690075,0.10142568105556116,0.14817467388246192,0.11287400376043077,11.565259458496788,3.213238542796321,0.31549921185575835,0.6845007881442416,FY
JYSK.CO,Jyske,DK,Northern Europe,Medium (50-200bn),2025,699748272.7224038,5288038375.46636,187359836.12483433,198034384.87493974,0.5507612323219887,0.035430876786765146,0.037449498436643774,0.07288037522340893,0.038906528411568164,11.378020694673232,3.0465014004038102,0.4861511302343689,0.513848869765631,TTM
KBC.BR,KBC,BE,Western Europe,Large (200-500bn),2021,2614000000.0,19844960115.14237,4418966054.0,0.0,1.6904996381025248,0.2226744739400197,0.0,0.2226744739400197,0.0,6.270335562980543,10.6,1.0,0.0,FY
KBC.BR,KBC,BE,Western Europe,Large (200-500bn),2022,2818000000.0,19023100951.78398,1668677648.0,0.0,0.5921496266855926,0.0877184877601941,0.0,0.0877184877601941,0.0,6.755049433010683,4.0,1.0,0.0,FY
KBC.BR,KBC,BE,Western Europe,Large (200-500bn),2023,3402000000.0,21675545155.100136,1981247116.0,497000000.0,0.7284677001763669,0.09140471908886792,0.022929065748690462,0.11433378483755838,0.023467145470108752,8.327936412753875,4.85,0.7994550273896092,0.2005449726103908,FY
KBC.BR,KBC,BE,Western Europe,Large (200-500bn),2024,3415000000.0,24713984628.7588,1645737802.8999999,803000000.0,0.717053529399707,0.06659135819745199,0.03249172531513097,0.09908308351258295,0.03358289139771342,8.61148718527744,4.1499999999999995,0.6720759572343677,0.3279240427656323,FY
KBC.BR,KBC,BE,Western Europe,Large (200-500bn),2025,3575000064.0,35582467881.894,396563326.0,0.0,0.11092680248970199,0.011144907860699278,0.0,0.011144907860699278,0.0,9.01495380336809,1.0,1.0,0.0,TTM
BMED.MI,MEDIOLANUM,IT,Southern Europe,Small (<50bn),2021,713055000.0,4168686422.147706,981919847.8609102,0.0,1.3770604621816132,0.2355465843254829,0.0,0.2355465843254829,0.0,0.9682436150172137,1.3333300000000003,1.0,0.0,FY
BMED.MI,MEDIOLANUM,IT,Southern Europe,Small (<50bn),2022,506829000.0,4140886019.465152,369031350.5,0.0,0.7281180644753951,0.0891189346350724,0.0,0.0891189346350724,0.0,0.6867018199311498,0.5,1.0,0.0,FY
BMED.MI,MEDIOLANUM,IT,Southern Europe,Small (<50bn),2023,821870000.0,5080376415.27815,518798592.20000005,0.0,0.6312416710672004,0.10211814042751317,0.0,0.10211814042751317,0.0,1.1089255226394579,0.7000000000000001,1.0,0.0,FY
BMED.MI,MEDIOLANUM,IT,Southern Europe,Small (<50bn),2024,1119629000.0,6878676441.158449,737385088.0,55462000.0,0.7081337550206362,0.10719868775741045,0.008062888329525723,0.11526157608693618,0.008128426928142085,1.518377599737954,1.0,0.9300470407983639,0.06995295920163612,FY
BMED.MI,MEDIOLANUM,IT,Southern Europe,Small (<50bn),2025,1171344000.0,10890158209.81801,442431052.8,0.0,0.37771231405974676,0.04062668735162422,0.0,0.04062668735162422,0.0,1.5885105612550712,0.6,1.0,0.0,TTM
MB.MI,Mediobanca,IT,Southern Europe,Medium (50-200bn),2021,807576000.0,5944635300.604846,569164137.96,0.0,0.7047808973520759,0.09574416413772087,0.0,0.09574416413772087,0.0,0.9364612498432894,0.66,1.0,0.0,FY
MB.MI,Mediobanca,IT,Southern Europe,Medium (50-200bn),2022,906977000.0,5756612738.76058,629164205.25,241431000.0,0.9598867504357883,0.10929416895003109,0.04193976752585601,0.1512339364758871,0.04377571065396246,1.081168865494673,0.75,0.7226828283178165,0.27731717168218345,FY
MB.MI,Mediobanca,IT,Southern Europe,Medium (50-200bn),2023,1025986000.0,7407652245.321603,1143491461.2,0.0,1.1145293027390237,0.1543662449762253,0.0,0.1543662449762253,0.0,1.2202460685939052,1.36,1.0,0.0,FY
MB.MI,Mediobanca,IT,Southern Europe,Medium (50-200bn),2024,1273382000.0,10335846080.153168,925847289.9200001,181343000.0,0.8694879383562828,0.0895763426370877,0.017545056166056283,0.10712139880314399,0.017858382489876146,1.5404136897384375,1.12,0.8362133396120165,0.16378666038798345,FY
MB.MI,Mediobanca,IT,Southern Europe,Medium (50-200bn),2025,1291335936.0,14247295867.431473,487723125.94,0.0,0.37768880454977133,0.034232680396208234,0.0,0.034232680396208234,0.0,1.5621326152447566,0.59,1.0,0.0,TTM
BMPS.MI,Monte,IT,Southern Europe,Medium (50-200bn),2021,309507000.0,953343947.4055419,0.0,0.0,0.0,0.0,0.0,0.0,0.0,6.433724007797206,,,,FY
BMPS.MI,Monte,IT,Southern Europe,Medium (50-200bn),2022,-178361000.0,12156886737.23955,0.0,0.0,-0.0,0.0,0.0,0.0,0.0,-0.14159121817893144,,,,FY
BMPS.MI,Monte,IT,Southern Europe,Medium (50-200bn),2023,2051781000.0,2617237630.4546533,314922426.5,2630000.0,0.1547691622546461,0.12032626416321748,0.0010048762746633479,0.12133114043788083,0.0010058870667117858,1.628798735297437,0.25,0.9917179029964049,0.00828209700359509,FY
BMPS.MI,Monte,IT,Southern Europe,Medium (50-200bn),2024,1950783000.0,5242156296.499462,1083333147.16,0.0,0.5553324727353068,0.20665792583929898,0.0,0.20665792583929898,0.0,1.5486218476726998,0.8600000000000001,1.0,0.0,FY
BMPS.MI,Monte,IT,Southern Europe,Medium (50-200bn),2025,0.0,22064731223.792656,0.0,0.0,,0.0,0.0,0.0,0.0,0.0,0.0,,,TTM
ETE.AT,National Bank of Greece,GR,Southern Europe,Medium (50-200bn),2021,867000000.0,2054709306.6974452,0.0,15000000.0,0.01730103806228374,0.0,0.0073003027489614335,0.0073003027489614335,0.007353989095773228,0.9478749256404694,,0.0,1.0,FY
ETE.AT,National Bank of Greece,GR,Southern Europe,Medium (50-200bn),2022,1120000000.0,2770740959.98959,0.0,14000000.0,0.0125,0.0,0.005052800027921989,0.005052800027921989,0.005078460473142421,1.2244248893513192,,0.0,1.0,FY
ETE.AT,National Bank of Greece,GR,Southern Europe,Medium (50-200bn),2023,1106000000.0,4486182064.639554,333060919.66987,17000000.0,0.31651077727836346,0.07424150756053412,0.003789413749833151,0.07803092131036728,0.0038038280280645598,1.2095998966174872,0.364259,0.9514370241155965,0.048562975884403475,FY
ETE.AT,National Bank of Greece,GR,Southern Europe,Medium (50-200bn),2024,1158000000.0,6296042380.26703,405029647.5494,37000000.0,0.38171817577668393,0.06433083246371377,0.005876707583158096,0.07020754004687187,0.0059114474311039444,1.2699899948367668,0.4442,0.9162952073347863,0.08370479266521368,FY
ETE.AT,National Bank of Greece,GR,Southern Europe,Medium (50-200bn),2025,1059000000.0,9810510945.773981,201511823.747,105000000.0,0.2894351499027384,0.02054040048075214,0.010702806467509245,0.03124320694826138,0.010818595804656717,1.1614157206667841,0.221,0.657435727221183,0.34256427277881707,TTM
NDA-FI.HE,Nordea,FI,Northern Europe,Huge (>500bn),2021,3831000000.0,25865793223.11272,5545219979.07,1136000000.0,1.743988509284782,0.21438430019285065,0.0439190087928528,0.2583033089857035,0.045936494080277335,0.9741200566232417,1.41,0.8299711723968521,0.17002882760314783,FY
NDA-FI.HE,Nordea,FI,Northern Europe,Huge (>500bn),2022,3589000000.0,27051296419.104877,2912697164.0,2841000000.0,1.6031477191418222,0.10767310811554741,0.10502269303417024,0.21269580114971764,0.1173467664674317,0.9857530111565007,0.8,0.5062305298624855,0.49376947013751454,FY
NDA-FI.HE,Nordea,FI,Northern Europe,Huge (>500bn),2023,4934000000.0,30365294445.56979,3237654173.48,0.0,0.6561925767085529,0.10662350662476006,0.0,0.10662350662476006,0.0,1.4020274423320958,0.92,1.0,0.0,FY
NDA-FI.HE,Nordea,FI,Northern Europe,Huge (>500bn),2024,5059000000.0,34511703495.262085,3278656045.22,150000000.0,0.6777339484522632,0.09500128110657034,0.004346351666488809,0.09934763277305916,0.004365324903658596,1.4504296682578381,0.94,0.9562510797170455,0.04374892028295455,FY
NDA-FI.HE,Nordea,FI,Northern Europe,Huge (>500bn),2025,4850000000.0,44824112110.41798,3210792652.16,370000000.0,0.7383077633319587,0.07163092587870247,0.008254485868867996,0.07988541174757047,0.008323189519137575,1.3905087746690086,0.9205433724683006,0.8966709229095381,0.10332907709046187,TTM
NLBL.XC,Nova Ljubljanska Banka,SI,CEE,Small (<50bn),2021,236404000.0,183396669.916746,16040000.0,0.0,0.0678499517774657,0.0874606938461939,0.0,0.0874606938461939,0.0,11.8202,0.802,1.0,0.0,FY
NLBL.XC,Nova Ljubljanska Banka,SI,CEE,Small (<50bn),2022,446862000.0,192497239.30358887,21000000.0,19042000.0,0.08960708227595991,0.10909247361662543,0.09892089917179911,0.20801337278842455,0.10978048329040013,22.3431,1.05,0.5244493282053844,0.47555067179461563,FY
NLBL.XC,Nova Ljubljanska Banka,SI,CEE,Small (<50bn),2023,550700000.0,237845223.41542035,33000000.0,0.0,0.059923733430179774,0.13874569153050517,0.0,0.13874569153050517,0.0,27.535,1.65,1.0,0.0,FY
NLBL.XC,Nova Ljubljanska Banka,SI,CEE,Small (<50bn),2024,514552000.0,398178575.695969,47720000.0,0.0,0.09274086972745223,0.11984572478966528,0.0,0.11984572478966528,0.0,25.7276,2.386,1.0,0.0,FY
NLBL.XC,Nova Ljubljanska Banka,SI,CEE,Small (<50bn),2025,493030000.0,586072931.2519782,25720000.0,0.0,0.052167210920227976,0.04388532318845802,0.0,0.04388532318845802,0.0,24.6515,1.286,1.0,0.0,TTM
OTP.BD,OTP,HU,CEE,Medium (50-200bn),2021,1192327723.153181,10099048621.015182,311686106.5585793,723451530.08482,0.8681653680801087,0.030862917711871343,0.07163561214859235,0.10249852986046369,0.07716324870494518,4.308343536229642,1.126243059226192,0.30110595492331993,0.6988940450766801,FY
OTP.BD,OTP,HU,CEE,Medium (50-200bn),2022,906441456.8846619,6786031979.57472,211026891.18750843,42574907.81281487,0.2797773613222903,0.03109724384186198,0.00627390320896823,0.03737114705083021,0.006313513582090868,3.373682716558107,0.7854205808008122,0.8321190623227378,0.16788093767726228,FY
OTP.BD,OTP,HU,CEE,Medium (50-200bn),2023,2587412294.5907254,7974059539.826482,377364589.3520654,104207504.25932275,0.1861211275134498,0.047324024540739376,0.01306831278834298,0.06039233732908236,0.013241354956658125,9.678657291463876,1.4115966527284243,0.7836097530530609,0.2163902469469391,FY
OTP.BD,OTP,HU,CEE,Medium (50-200bn),2024,2805298571.327626,11889403367.09897,679992082.9665856,400690389.7640165,0.38522903899643096,0.057193120795976875,0.03370147158711342,0.0908945923830903,0.03487687355010993,10.748681803290578,2.6054333764215176,0.6292246798899434,0.37077532011005654,FY
OTP.BD,OTP,HU,CEE,Medium (50-200bn),2025,0.0,,0.0,0.0,,0.0,0.0,0.0,0.0,0.0,0.0,,,TTM
TPEIR.AT,Piraeus,GR,Southern Europe,Medium (50-200bn),2021,-3013000000.0,4199122803.048536,0.0,10000000.0,-0.003318951211417192,0.0,0.0023814497620169776,0.0023814497620169776,0.0023871346031494323,-2.4121163288307748,,0.0,1.0,FY
TPEIR.AT,Piraeus,GR,Southern Europe,Medium (50-200bn),2022,950000000.0,1414943643.2118545,0.0,25000000.0,0.02631578947368421,0.0,0.01766854822800659,0.01766854822800659,0.017986340757119024,0.7599346912126372,,0.0,1.0,FY
TPEIR.AT,Piraeus,GR,Southern Europe,Medium (50-200bn),2023,788000000.0,3110224949.8198924,78719613.557032,83000000.0,0.20522793598608122,0.02530994215115872,0.026686172652819334,0.05199611480397805,0.02741785013529907,0.6322249532378985,0.063158,0.4867660256266366,0.5132339743733635,FY
TPEIR.AT,Piraeus,GR,Southern Europe,Medium (50-200bn),2024,1066000000.0,4418586068.578329,372754670.187084,66000000.0,0.4115897468921989,0.08436062224471211,0.014936904922898868,0.09929752716761098,0.015163399174679126,0.8541362763884481,0.298671,0.8495742507496097,0.15042574925039032,FY
TPEIR.AT,Piraeus,GR,Southern Europe,Medium (50-200bn),2025,1062000000.0,7335465892.18758,369536618.291943,447000000.0,0.7688668722146357,0.05037670731800512,0.06093682481382186,0.11131353213182699,0.06489108126483667,0.850931262218135,0.2960925245188175,0.4525658862243696,0.5474341137756303,TTM
PEO.WA,Polska Kasa Opieki,PL,CEE,Medium (50-200bn),2021,517204584.9088012,4279842188.210687,468705405.11993754,0.0,0.9062282485422756,0.1095146466874503,0.0,0.1095146466874503,0.0,1.9705281285893428,1.785748254674808,1.0,0.0,FY
PEO.WA,Polska Kasa Opieki,PL,CEE,Medium (50-200bn),2022,408313714.29930323,4242708564.43145,338266750.43276453,0.0,0.8284481725362948,0.0797289621230664,0.0,0.0797289621230664,0.0,1.5556584044154285,1.2887823622286898,1.0,0.0,FY
PEO.WA,Polska Kasa Opieki,PL,CEE,Medium (50-200bn),2023,1583553304.3209436,5327011812.144925,1198288119.614221,0.0,0.7567084204519839,0.22494564717920712,0.0,0.22494564717920712,0.0,6.033272751894198,4.565428294241853,1.0,0.0,FY
PEO.WA,Polska Kasa Opieki,PL,CEE,Medium (50-200bn),2024,1516254072.4358518,8600599937.939137,1145863014.3810992,0.0,0.7557196615078356,0.1332305911970682,0.0,0.1332305911970682,0.0,5.7768654551850736,4.3656908063687725,1.0,0.0,FY
PEO.WA,Polska Kasa Opieki,PL,CEE,Medium (50-200bn),2025,0.0,,0.0,0.0,,0.0,0.0,0.0,0.0,0.0,0.0,,,TTM
PKO.WA,Powszechna Kasa Oszczednosci,PL,CEE,Medium (50-200bn),2021,1159068749.851371,9221438340.916166,0.0,0.0,0.0,0.0,0.0,0.0,0.0,0.9272549998810968,,,,FY
PKO.WA,Powszechna Kasa Oszczednosci,PL,CEE,Medium (50-200bn),2022,787615038.8813584,7802109243.048323,543927980.3686583,0.0,0.6906013134807503,0.06971550428536975,0.0,0.06971550428536975,0.0,0.6300920311050867,0.43514238429492663,1.0,0.0,FY
PKO.WA,Powszechna Kasa Oszczednosci,PL,CEE,Medium (50-200bn),2023,1308411214.9532712,9397427557.379435,380452357.85348785,0.0,0.2907743020737371,0.04048473430952212,0.0,0.04048473430952212,0.0,1.046728971962617,0.30436188628279026,1.0,0.0,FY
PKO.WA,Powszechna Kasa Oszczednosci,PL,CEE,Medium (50-200bn),2024,2212551425.649806,15259413559.072212,769821567.8441666,0.0,0.3479338644606089,0.05044896154521501,0.0,0.05044896154521501,0.0,1.7700411405198448,0.6158572542753333,1.0,0.0,FY
PKO.WA,Powszechna Kasa Oszczednosci,PL,CEE,Medium (50-200bn),2025,2476278804.3090534,21116320328.168095,1628811657.0602448,0.0,0.657765859896671,0.07713520309158661,0.0,0.07713520309158661,0.0,1.9810230434472427,1.3030493256481959,1.0,0.0,TTM
RBI.VI,Raiffeisen,AT,Western Europe,Large (200-500bn),2021,1372000000.0,5146155188.250456,624373092.3,11000000.0,0.4630999215014577,0.12132807299040446,0.0021375181271475964,0.12346559111755206,0.002142096898097412,4.175067811454436,1.9,0.9826873373561023,0.01731266264389774,FY
RBI.VI,Raiffeisen,AT,Western Europe,Large (200-500bn),2022,3627000000.0,3936882646.166032,0.0,14000000.0,0.0038599393438103115,0.0,0.003556113112397197,0.003556113112397197,0.003568804183750718,11.043477011973458,,0.0,1.0,FY
RBI.VI,Raiffeisen,AT,Western Europe,Large (200-500bn),2023,2386000000.0,4089098421.716828,673149650.15,2000000.0,0.2829629715632858,0.16462055463741437,0.0004891053708509883,0.16510966000826538,0.0004893447119778127,7.266289151171744,2.05,0.9970376937919532,0.002962306208046844,FY
RBI.VI,Raiffeisen,AT,Western Europe,Large (200-500bn),2024,1157000000.0,5565908258.990718,361255781.70000005,472000000.0,0.7201865010371651,0.06490509093757639,0.08480197265874251,0.1497070635963189,0.09265969781982686,3.5229885983026192,1.1,0.4335472848000762,0.5664527151999238,FY
RBI.VI,Raiffeisen,AT,Western Europe,Large (200-500bn),2025,0.0,8840232700.099546,361171349.0,172000000.0,,0.04085541198433985,0.019456501410654404,0.06031191339499425,0.01984256837013887,,1.0997429080039551,0.677402020339994,0.3225979796600061,TTM
BPSO.MI,SONDRIO,IT,Southern Europe,Medium (50-200bn),2021,268634000.0,1179566561.2518764,90036652.80000001,69000.0,0.335421624961844,0.07633028585046013,5.849606310200092e-05,0.07638878191356213,5.849948509162317e-05,0.596721427653961,0.20000000000000004,0.9992342322833713,0.0007657677166287617,FY
BPSO.MI,SONDRIO,IT,Southern Europe,Medium (50-200bn),2022,251321000.0,1279813111.9569328,125928336.52000001,0.0,0.5010657148427708,0.09839587932291605,0.0,0.09839587932291605,0.0,0.5588089380409136,0.28,1.0,0.0,FY
BPSO.MI,SONDRIO,IT,Southern Europe,Medium (50-200bn),2023,461162000.0,1721517586.0674212,251861760.64000002,0.0,0.5461459544368357,0.14630217122285974,0.0,0.14630217122285974,0.0,1.0253669288413023,0.56,1.0,0.0,FY
BPSO.MI,SONDRIO,IT,Southern Europe,Medium (50-200bn),2024,574942000.0,2870263799.922684,359830849.6,198000.0,0.6262002942905546,0.12536507954763346,6.898320635383184e-05,0.1254340627539873,6.898796536480845e-05,1.2782494900348311,0.8,0.9994500440722459,0.0005499559277540741,FY
BPSO.MI,SONDRIO,IT,Southern Europe,Medium (50-200bn),2025,0.0,5491189542.5489435,0.0,0.0,,0.0,0.0,0.0,0.0,0.0,0.0,,,TTM
SAB.MC,Sabadell,ES,Southern Europe,Large (200-500bn),2021,530238000.0,2456021183.942939,167588564.79,64378000.0,0.4374763121277615,0.06823579775519298,0.02621231462533497,0.09444811238052794,0.0269178949569997,0.09491781267971798,0.03,0.7224686236213327,0.2775313763786673,FY
SAB.MC,Sabadell,ES,Southern Europe,Large (200-500bn),2022,889392000.0,3352202543.5415177,224087680.72,86457000.0,0.34916513834169866,0.06684789412612789,0.02579110267861689,0.09263899680474479,0.026473893586406616,0.15875785712848803,0.04,0.7215956177399372,0.27840438226006264,FY
SAB.MC,Sabadell,ES,Southern Europe,Large (200-500bn),2023,1332181000.0,4922925800.905278,324182634.3,276200000.0,0.450676472866675,0.06585161901899597,0.05610484723316559,0.12195646625216156,0.05943970267111309,0.2465612020600451,0.060000000000000005,0.5399600451101856,0.46003995488981453,FY
SAB.MC,Sabadell,ES,Southern Europe,Large (200-500bn),2024,1826805000.0,8044303724.839585,1104373200.0,113785000.0,0.6668244284420066,0.13728636284453852,0.014144791630461347,0.15143115447499986,0.014347737386157133,0.3381093836757357,0.2044,0.9065925919966717,0.09340740800332831,FY
SAB.MC,Sabadell,ES,Southern Europe,Large (200-500bn),2025,1921280000.0,14922131033.814655,756420000.0000001,0.0,0.3937062791472352,0.05069115116908546,0.0,0.05069115116908546,0.0,0.35559503979270773,0.14,1.0,0.0,TTM
SAN.MC,Santander,ES,Southern Europe,Huge (>500bn),2021,8124000000.0,44350508240.10071,1706304936.2,1645000000.0,0.41251907141802063,0.03847317660854219,0.037090894000457675,0.07556407060899986,0.038519621186836384,0.476116538588491,0.1,0.5091464276404393,0.49085357235956084,FY
SAN.MC,Santander,ES,Southern Europe,Huge (>500bn),2022,9605000000.0,40874389114.42253,1978380506.5951998,2050000000.0,0.41940452957784485,0.048401469708990175,0.05015365475582502,0.0985551244648152,0.052801861066204436,0.5719167754777681,0.11779999999999999,0.4911106344984609,0.5088893655015392,FY
SAN.MC,Santander,ES,Southern Europe,Huge (>500bn),2023,11076000000.0,49732667167.610085,2795994147.936,3109000000.0,0.5331341773145539,0.05622047453262222,0.06251424218857965,0.11873471672120187,0.0666828713585157,0.6972031759934216,0.176,0.47349651462623327,0.5265034853737668,FY
SAN.MC,Santander,ES,Southern Europe,Huge (>500bn),2024,12574000000.0,62388803312.07419,3178762201.2300005,4789000000.0,0.6336696517599809,0.05095084426174288,0.07676056833539519,0.12771141259713806,0.08314264502004143,0.8306818292284529,0.21000000000000002,0.3989529457517304,0.6010470542482695,FY
SAN.MC,Santander,ES,Southern Europe,Huge (>500bn),2025,13602000000.0,109266292454.47482,1740750729.2450001,0.0,0.12797755692140864,0.0159312692884704,0.0,0.0159312692884704,0.0,0.8985950565584075,0.115,1.0,0.0,TTM
SEB-A.ST,Skandinaviska,SE,Northern Europe,Large (200-500bn),2021,2404746117.3419247,17524597243.652805,2056768161.8038688,128830752.14646977,0.9088688814959728,0.1173646465711961,0.0073514244210736825,0.12471607099226976,0.007405868100688329,1.1151684488773357,0.9537983840200052,0.9410547144198494,0.058945285580150636,FY
SEB-A.ST,Skandinaviska,SE,Northern Europe,Large (200-500bn),2022,2542279093.5687723,17903749970.636627,1347189188.1523132,446651109.8646331,0.7056032134925081,0.0752462020728504,0.024947349610957,0.1001935516838074,0.025585643607043185,1.2029113388776957,0.6374395140727758,0.7510084312642565,0.2489915687357435,FY
SEB-A.ST,Skandinaviska,SE,Northern Europe,Large (200-500bn),2023,3605369272.257593,20588212244.242935,2251129345.118252,496121361.97374004,0.7619887172810267,0.10934069060550575,0.024097350274425604,0.13343804087993136,0.024692370987210444,1.7393314609357542,1.086008061012877,0.8194116901333361,0.18058830986666385,FY
SEB-A.ST,Skandinaviska,SE,Northern Europe,Large (200-500bn),2024,3392448550.4648595,26540370596.334015,2194200494.1336675,788875530.7647268,0.8793283024114338,0.08267407141770468,0.029723606454602147,0.11239767787230681,0.030634164298269484,1.6790746708089337,1.086008061012877,0.7355496393050873,0.26445036069491273,FY
SEB-A.ST,Skandinaviska,SE,Northern Europe,Large (200-500bn),2025,0.0,,0.0,0.0,,0.0,0.0,0.0,0.0,0.0,0.0,,,TTM
GLE.PA,Société générale,FR,Western Europe,Huge (>500bn),2021,5641000000.0,16983120985.760654,1381255312.8,4894000000.0,1.1124366801630916,0.08133106476472146,0.2881684705716535,0.369499535336375,0.4048267864772359,6.738544216805274,1.65,0.2201114128348808,0.7798885871651191,FY
GLE.PA,Société générale,FR,Western Europe,Huge (>500bn),2022,1825000000.0,16518531716.473125,1359662332.3999999,712000000.0,1.1351574424109587,0.08231133103943343,0.043103104574963955,0.12541443561439738,0.04504466968284837,2.2818165408198374,1.6999999999999997,0.6563146470037156,0.3436853529962845,FY
GLE.PA,Société générale,FR,Western Europe,Huge (>500bn),2023,2493000000.0,17127914874.695219,716619538.8000001,3928000000.0,1.8630643958283193,0.041839274893801216,0.22933322758412508,0.2711725024779263,0.2975776766204863,3.1309500767410556,0.9000000000000001,0.1542902562445725,0.8457097437554275,FY
GLE.PA,Société générale,FR,Western Europe,Huge (>500bn),2024,4200000000.0,18181924562.333927,868182753.5100001,1428000000.0,0.546710179407143,0.04774977206255417,0.07853954047077481,0.12628931253332898,0.08523376088313195,5.273083324324835,1.09,0.37809828167330106,0.6219017183266988,FY
GLE.PA,Société générale,FR,Western Europe,Huge (>500bn),2025,5468000000.0,38052584747.164375,485863742.78999996,0.0,0.0888558417684711,0.012768219189793824,0.0,0.012768219189793824,0.0,6.865052289859095,0.61,1.0,0.0,TTM
SHB-A.ST,Svenska Handelsbanken,SE,Northern Europe,Large (200-500bn),2021,1846805991.2667556,11928335175.372343,934924741.5300814,0.0,0.5062387418879882,0.07837847677690678,0.0,0.07837847677690678,0.0,0.9327168759758038,0.4721774178316857,1.0,0.0,FY
SHB-A.ST,Svenska Handelsbanken,SE,Northern Europe,Large (200-500bn),2022,2050052064.6642184,12855641044.733206,1495879586.4481304,0.0,0.7296788272999999,0.11635978176762904,0.0,0.11635978176762904,0.0,1.0353649307958992,0.7554838685306972,1.0,0.0,FY
SHB-A.ST,Svenska Handelsbanken,SE,Northern Europe,Large (200-500bn),2023,2752854098.827339,14100427376.840141,2430804327.9782114,0.0,0.8830124084722417,0.17239224478903323,0.0,0.17239224478903323,0.0,1.3903103451133159,1.2276612863623828,1.0,0.0,FY
SHB-A.ST,Svenska Handelsbanken,SE,Northern Europe,Large (200-500bn),2024,2596234509.461961,17474264892.499943,2804774224.5902443,0.0,1.0803239131011708,0.16050885355378067,0.0,0.16050885355378067,0.0,1.3112106807196082,1.416532253495057,1.0,0.0,FY
SHB-A.ST,Svenska Handelsbanken,SE,Northern Europe,Large (200-500bn),2025,0.0,,0.0,0.0,,0.0,0.0,0.0,0.0,0.0,0.0,,,TTM
SWED-A.ST,Swedbank,SE,Northern Europe,Large (200-500bn),2021,1973917542.0560484,12799192543.515604,1964505045.702052,0.0,0.995231565577865,0.1534866390221874,0.0,0.1534866390221874,0.0,1.7601714824412875,1.751778220155554,1.0,0.0,FY
SWED-A.ST,Swedbank,SE,Northern Europe,Large (200-500bn),2022,2020638603.1348507,13023664331.615513,1034062910.9360067,0.0,0.5117505472437006,0.07939876862656647,0.0,0.07939876862656647,0.0,1.7992085591914744,0.9207459647717872,1.0,0.0,FY
SWED-A.ST,Swedbank,SE,Northern Europe,Large (200-500bn),2023,3227725450.399541,17030700967.966822,1609243483.0072792,0.0,0.49856888627503326,0.0944907368190022,0.0,0.0944907368190022,0.0,2.869608624636015,1.4306975760300078,1.0,0.0,FY
SWED-A.ST,Swedbank,SE,Northern Europe,Large (200-500bn),2024,3297807042.0177445,20680529228.925808,2306059836.503847,0.0,0.6992706993229347,0.11150874385160156,0.0,0.11150874385160156,0.0,2.9305532111865857,2.049249993389516,1.0,0.0,FY
SWED-A.ST,Swedbank,SE,Northern Europe,Large (200-500bn),2025,0.0,,0.0,0.0,,0.0,0.0,0.0,0.0,0.0,0.0,,,TTM
UBSG.SW,UBS,CH,Western Europe,Medium (50-200bn),2021,8036426339.0451565,48056178632.9064,1448253009.252335,3600603513.309624,0.6282464754305004,0.03013666609480775,0.07492488199725718,0.10506154809206493,0.08099329507318465,2.3639275840723526,0.4260059251279289,0.2868477253771202,0.7131522746228798,FY
UBSG.SW,UBS,CH,Western Europe,Medium (50-200bn),2022,8221791141.2867775,49881067691.16685,1456301092.7276158,6472680245.716134,0.9643861297603821,0.029195467541796503,0.1297622634260963,0.1589577309678928,0.14911128071389546,2.6455965737075973,0.46860654995960144,0.18366811959396656,0.8163318804060333,FY
UBSG.SW,UBS,CH,Western Europe,Medium (50-200bn),2023,29492402198.512775,65267454535.430046,1913787313.5950012,0.0,0.06489085903255139,0.029322230002950603,0.0,0.029322230002950603,0.0,9.190944673423454,0.5964082951791004,1.0,0.0,FY
UBSG.SW,UBS,CH,Western Europe,Medium (50-200bn),2024,5481194094.191185,86948953980.93036,2434489862.709175,1225347559.0042033,0.6677080502571457,0.02799907015837255,0.014092723407264295,0.042091793565636845,0.014294167151264192,1.7264553670992535,0.766810665230272,0.6651907126435829,0.33480928735641713,FY
UBSG.SW,UBS,CH,Western Europe,Medium (50-200bn),2025,7908435448.931424,100542214660.5031,2395489388.4180336,4153464813.018645,0.8280973200990801,0.023825707405658286,0.041310655698638475,0.06513636310429675,0.04309076338878404,2.490982912032856,0.7545263751645881,0.3657819729282154,0.6342180270717847,TTM
UCG.MI,UNICREDIT,IT,Southern Europe,Huge (>500bn),2021,2096000000.0,17769946345.02088,1189561512.364,634000000.0,0.8700198055171756,0.06694232437552147,0.03567821690005531,0.10262054127557678,0.03699824843255417,0.9479526601016537,0.538,0.6523287008958063,0.34767129910419364,FY
UCG.MI,UNICREDIT,IT,Southern Europe,Huge (>500bn),2022,6458000000.0,17599060177.61254,1910498288.3151999,3543000000.0,0.8444562230280582,0.10855683593522292,0.20131756833850645,0.30987440427372936,0.25206209672060376,3.3370025186581986,0.9872,0.3503252751373702,0.6496747248626298,FY
UCG.MI,UNICREDIT,IT,Southern Europe,Huge (>500bn),2023,9507000000.0,30412151297.815186,3087328470.5791,6013000000.0,0.957223989752719,0.1015162801324382,0.1977170224203105,0.29923330255274866,0.2464429982258618,5.551780597153294,1.8029000000000002,0.33925461927668615,0.6607453807233139,FY
UCG.MI,UNICREDIT,IT,Southern Europe,Huge (>500bn),2024,9719000000.0,49714662045.23799,3704040464.525,6040000000.0,1.0025764445441918,0.07450599706691154,0.12149333318415975,0.19599933025107127,0.1382952887819442,6.303899140311998,2.4025,0.3801339370469829,0.6198660629530172,FY
UCG.MI,UNICREDIT,IT,Southern Europe,Huge (>500bn),2025,10597000000.0,86166056992.40773,2201919080.7219996,0.0,0.207787022810418,0.025554367433988714,0.0,0.025554367433988714,0.0,6.873384009660072,1.4281999999999997,1.0,0.0,TTM
UNIE.XC,Unicaja,ES,Southern Europe,Medium (50-200bn),2021,1113202000.0,1704763473.705491,71616552.1512,55000.0,0.06438324055400547,0.04200967069967398,3.226254014021748e-05,0.04204193323981419,3.2263581045244294e-05,0.4199967345048459,0.02702,0.9992326104521363,0.0007673895478637145,FY
UNIE.XC,Unicaja,ES,Southern Europe,Medium (50-200bn),2022,277576000.0,1916705742.8134952,128562434.335296,15000.0,0.4632152431596968,0.06707468520785131,7.825927404997384e-06,0.0670825111352563,7.825988650678184e-06,0.10456618471410845,0.048431,0.9998833387827534,0.00011666121724659678,FY
UNIE.XC,Unicaja,ES,Southern Europe,Medium (50-200bn),2023,266703000.0,2261446820.941053,132330120.0287,9081000.0,0.5302194577065125,0.058515689514924626,0.004015570879628792,0.06253126039455342,0.0040317607004913825,0.10057029871289797,0.0499,0.9357829851134977,0.06421701488650236,FY
UNIE.XC,Unicaja,ES,Southern Europe,Medium (50-200bn),2024,573334000.0,2595035704.0455694,343846300.89483,140087000.0,0.8440687293878089,0.13250156842111485,0.05398268693629506,0.18648425535740992,0.05706310676436832,0.22314996270228507,0.13383,0.7105241574800322,0.28947584251996783,FY
UNIE.XC,Unicaja,ES,Southern Europe,Medium (50-200bn),2025,616000000.0,5031924158.441161,169572262.266,0.0,0.2752796465357143,0.03369928817021991,0.0,0.03369928817021991,0.0,0.23975619276827748,0.066,1.0,0.0,TTM
VPBN.SW,VP Bank,LI,Western Europe,,2021,54573867.31042807,569831866.0773617,32814678.15782386,53886.27839806871,0.6022766216888821,0.05758659722509949,9.45652245968866e-05,0.05768116244969638,9.45741680242751e-05,8.958218022097354,5.386479935362241,0.9983605527250017,0.0016394472749982584,FY
VPBN.SW,VP Bank,LI,Western Europe,,2022,43281458.80932879,507166411.5198933,32995179.10045785,18321.334655343362,0.7627631171248216,0.06505789490588856,3.612489754681777e-05,0.06509401980343539,3.6126202602071444e-05,7.065720381145674,5.386479935362241,0.9994450350791685,0.0005549649208315023,FY
VPBN.SW,VP Bank,LI,Western Europe,,2023,47645169.63400439,536645084.74865395,33200021.54591974,14010.432383497864,0.6971122620287273,0.06186588210617728,2.6107445650154176e-05,0.061891989551827425,2.6108127266555314e-05,7.730107942717158,5.386479935362241,0.9995781773079327,0.0004218226920673182,FY
VPBN.SW,VP Bank,LI,Western Europe,,2024,19906668.965814542,512742405.5497667,26736930.783732828,8621.804543690994,1.3435473626555152,0.052144957183842176,1.6815079951202052e-05,0.052161772263793385,1.6815362702926606e-05,3.208352486875472,4.3091839482897925,0.9996776359540438,0.0003223640459561947,FY
VPBN.SW,VP Bank,LI,Western Europe,,2025,0.0,,0.0,0.0,,0.0,0.0,0.0,0.0,0.0,0.0,,,TTM
ISB.IC,Ãslandsbanki hf.,IS,Northern Europe,Small (<50bn),2021,162574669.80873567,1313275862.9992309,81520249.90409383,0.0,0.5014326647564471,0.06207397257566256,0.0,0.06207397257566256,0.0,0.08128733490436783,0.040760124952046915,1.0,0.0,FY
ISB.IC,Ãslandsbanki hf.,IS,Northern Europe,Small (<50bn),2022,168075574.0669699,1429374838.5206695,84260426.37145832,0.0,0.5013246382718566,0.058949146228615294,0.0,0.058949146228615294,0.0,0.08403778703348495,0.04213021318572916,1.0,0.0,FY
ISB.IC,Ãslandsbanki hf.,IS,Northern Europe,Small (<50bn),2023,168418096.12539047,1377842495.9434166,84893087.89074917,15824519.099029977,0.5980212893203173,0.06161305674682532,0.011484998572492742,0.07309805531931807,0.011618436296775725,0.08507643769424796,0.042883761714254405,0.8428822966312548,0.1571177033687452,FY
ISB.IC,Ãslandsbanki hf.,IS,Northern Europe,Small (<50bn),2024,166095796.56929907,1318591120.866265,83844412.53206006,62017043.897627,0.8781766874445268,0.06358636214460281,0.047032808666938486,0.11061917081154128,0.04935406915861029,0.08766688484519068,0.044253849947936644,0.5748222634296641,0.42517773657033586,FY
ISB.IC,Ãslandsbanki hf.,IS,Northern Europe,Small (<50bn),2025,177858004.05546117,1581634835.7642007,78307965.24428673,17907053.214226995,0.5409653558718176,0.0495107742151181,0.011321863181885987,0.06083263739700408,0.011451515675590329,0.09387508583831088,0.0413316622896464,0.8138850514075595,0.1861149485924405,TTM
